スマートフォン,エプソン
"
【セット割】ASUS Zenfone Max M2 ミッドナイトブラック (4GB/64GB)【日本正規代理店品】+ Samsung SDカード
","
エプソン プリンター インクジェット複合機 カラリオ EP-883AR レッド(赤)
"
"
【セット割】ASUS Zenfone Max Pro M2 ミッドナイトブルー (6GB/64GB)【日本正規代理店品】+ Samsung SDカード
","
インクのチップス エプソン用 MUG-BK 互換インク ブラック 4本セット (マグカップ互換) EW-452A EW-052A 対応
"
"
スマホ 本体 Blackview BV5900 simフリー スマートフォン 本体 4G アウトドア 防水スマホ 防塵スマホ 耐衝撃スマホ Android 9.0 1300万画素+500万画素 5580mAh 3GB RAM+32GB ROM タフスマホ 携帯電話 技適認証済み AU対応不可 1年間保証付き(ブラック)
","
エプソン用 ITH(イチョウ)互換インク ITH-6CL 互換 6色+黒1本 計7本
"
"
Blackview BV6300Pro スマホ本体 新品 simフリー スマートフォン本体 防水スマホ/耐衝撃/防塵 タフスマホ Android10 端末 6GB RAM+128GB ROM ゲーム対応 4380mAh大容量バッテリー 長持ち 1600万画素 800万画素 5.7インチスクリーン 4Gネットワーク sim*2枚支持 LEDライト付き 1年間保証付き (黄色い)
","
Okelet 1613717 プロジェクターのリモコン、に適しています エプソン Epson EB-520/ EB-525W/ EB-530/ EB-530S/ EB-535W/ EB-536Wi/ EB-570/ EB-575W/ EB-575Wi/ EB-580/ EB-585W/ EB-585Wi/ EB-590WT/ EB-595Wi
"
"
ASUS スマートフォン ROG Phone 3(16GB/512GB/Qualcomm Snapdragon 865 Plus/6.59型ワイド AMOLEDディスプレイ Corning Gorilla Glass 6/Android 10 (ROG UI)/ブラックグレア)【日本正規代理店品】ZS661KS-BK512R16/A
","
エプソン プリンター インクジェット複合機 カラリオ EP-882AW ホワイト(白) 2019年新モデル
"
"
UMIDIGI A7 Pro スマートフォン、simフリー スマホ 本体 au不可 4GB RAM + 64GB スマホ Android 10 グローバルLTEバンド対応 6.3インチ FHD+ディスプレイクアッドカメラ Googleアプリ対応 [一年保証] オーシャンブルー
","
エプソン プリンター インクジェット複合機 カラリオ EW-452A 2019年新モデル
"
"
シャープ AQUOS sense2 SH-M08 アーバンブルー5.5インチ SIMフリースマートフォン［メモリ 3GB/ストレージ 32GB/IGZOディスプレイ］ SH-M08-A
","
エプソン スキャナー ES-60WB (モバイル/A4/USB対応/Wi-Fi対応/ブラック)
"
"
[bodenbaum] らくらくスマートフォン F-42A 手帳型 スマホケース カード スマホ ケース カバー ケータイ 携帯 FUJITSU 富士通 らくらくスマートフォン docomo 薔薇 花柄 バラ ローズ f-186-deco (A.パステルピンク)
","
【旧モデル】EPSON プロジェクター 3200lm SVXGA+ VGA RCA HDMI対応 EB-S05
"
"
【2枚セット】らくらくスマートフォン F-42A 専用ガラスフィルム らくらくスマートフォン F-42A 専用液晶保護フィルム 強化ガラスフィルム 最新版 日本製素材旭硝子製 99% の透過性 2.5D ラウンドエッジ加工 極上のタッチ感 0.33mm超薄 硬度9H 耐指紋 らくらくスマートフォン F-42A 専用液晶保護フィルム RuiMi (らくらくスマートフォン F-42A)
","
エプソン プリンター インクジェット複合機 カラリオ EP-713A
"
"
OUKITEL C18 Pro（2020）SIMフリースマートフォン本体、広角カメラ（16MP + 8MP + 5MP + 2MP）、Helio P25プロセッサ4GB + 64GB 4000mAhバッテリスマホ、本体6.55インチHFD +画面顔認証認証（24か月保証）
","
エプソン プリンター エコタンク搭載 A4カラーインクジェット複合機 EW-M752T1 2019年モデル 写真用紙スクエア 20枚入 ドキュメントパック非同梱モデル
"
"
らくらくスマートフォン F-42A ケース らくらくスマートフォン me F-01L ケース docomo らくらくスマートフォンF01L カバー 耐衝撃 スマホケース 保護フィルム Breeze 3DP 正規品 [F01LJ008HD]
","
エプソン プリンター インクジェット複合機 カラリオ EP-712A 2019年新モデル
"
"
らくらくスマートフォン F-42A ケース らくらくスマートフォン me F-01L ケース docomo らくらくスマートフォンF01L カバー 耐衝撃 スマホケース 保護フィルム Breeze 正規品 [F01L1810HD]
","
エプソン フォトスキャナー FF-680W (シートフィード/A4/USB対応/Wi-Fi対応/写真簡単スキャン)
"
"
Xiaomi Redmi Note 9S グローバル版 (6GB RAM 128GB ROM)・SIMフリー スマートフォン 日本語対応・Android 10搭載 Googleアプリ対応 4800万画素カメラ 5020mAhバッテリ 6.67インチ IPS 1080 x 2400 (Aurora Blue/オーロラ ブルー）
","
エプソン インクジェット複合機 EW-M752T
"
"
スマ通 らくらくスマートフォンme F-01L 国内生産 ミラー スマホケース 手帳型 FUJITSU 富士通 らくらくスマートフォンミー 【5-ホワイト×ピンク】 エッフェル塔 パステルカラー q0002-e0240
","
【旧モデル】エプソン ビジネスプロジェクター/液晶/3300lm/WXGA/2.5kg EB-W05
"
"
HUAWEI P30 Lite パールホワイト【日本正規代理店品】
","
エプソン プリンター インクジェット複合機 カラリオ EP-813A + インク + 5年保証 セット
"
"
SHARP SIMフリースマホ AQUOS sense3 ブラック SH-M12-B
","
EPSON 写真用紙[光沢] L判 500枚 KL500PSKR
"
"
【UQ mobile】サムスン Galaxy A20 ブラック※回線契約後発送 スマホプランS/Rのみ (MNP専用)
","
エコリカ エプソン(Epson)対応 リサイクル インクカートリッジ IC6CL50+ICBK50 6色セット+ブラック(目印:ふうせん) ECI-E506P+BK
"
"
OUKITEL C19 スマートフォン本体 4G スマホ本体 SIM フリー Androidスマートフォン本体 6.49 HDインチ 13MP+2MP+2MP 4000mAh RAM 2GB + ROM16GB（256GBまでサポートする)Android 10.0 端末 携帯電話 1年間保証付き
","
GPC Image KAM-6CL-L + KAM-BK-L エプソン カメ インクカートリッジ 7本パック Epson EP-882AW EP-882AB EP-882AR EP-881AW EP-881AB EP-881AR EP-881AN 互換インク 残量表示機能 2年保証 個包装 大容量 説明書付
"
"
Hohem iSteady X スマホ スタビライザー 手持ち 3軸 ジンバル 折りたたみ式 超軽量 259ｇ ミニ三脚付き iPhone スマートフォン ジンバル スタビライザー ハンドヘルド Vlog Youtuber ライブビデオ iPhone Android用
","
GPC Image エプソン クマノミ インク KUI-6CL-L 6色セット EPSON KUI 互換インク EP-880AW EP-880AB EP-880AR EP-880AN EP-879AW EP-879AB EP-879AR インク 残量表示機能 2年保証 個包装 大容量 説明書付
"
"
ASUS Zenfone Max M2 スペースブルー (4GB/64GB)【日本正規代理店品】 ZB633KL-BL64S4/A
","
エプソン プリンター インクジェット複合機 カラリオ EP-883AB ブラック(黒)
"
"
【2枚セット】らくらくスマートフォン F-42A / らくらくスマートフォン me F-01L ガラスフィルム らくらくスマートフォン me F-01L フィルム 強化ガラス 保護フィルム 日本旭硝子素材AGC 硬度9H 気泡ゼロ 飛散防止 高感度 高透過率 衝撃吸収 指紋防止 貼り付け簡単 液晶ガラス フィルム【Hcsxlcj】（F-01L）
","
エプソン スキャナー GT-X830 (フラットベッド/A4/6400dpi)
"
"
らくらくスマートフォン F-42A ケース らくらくスマートフォン me F-01L ケース docomo らくらくスマートフォンF01L カバー 耐衝撃 スマホケース 保護フィルム Breeze 正規品 [F01L2064HD]
","
コピー用紙 A4 純正スーパーファイン紙 厚み0.12mm 250枚 KA4250SFR
"
"
らくらくスマートフォン F-42A ケース らくらくスマートフォン me F-01L ケース docomo らくらくスマートフォンF01L カバー 耐衝撃 スマホケース 保護フィルム Breeze 正規品 [F01L2042HD]
","
Epson 印刷サービス プラグイン
"
"
らくらくスマートフォン F-42A ケース 手帳型 らくらくスマートフォン me F-01L ケース docomo らくらくスマートフォンF01L カバー 耐衝撃 スマホケース 保護フィルム Breeze 正規品 [F01LF013HD]
","
エプソン 純正 インクボトル トビバコ TOB-GY グレー
"
"
らくらくスマートフォン F-42A ケース 手帳型 らくらくスマートフォン me F-01L ケース docomo らくらくスマートフォンF01L カバー 耐衝撃 スマホケース 保護フィルム Breeze 正規品 [F01LE021HD]
","
[エプソン] 腕時計 オリエント時計 スポーツ 復刻モデル Revival of SK Model 期間限定販売 RN-AA0B03L メンズ
"
"
UMIDIGI F2 SIMフリースマートフォン Android 10.0 FHD+ 6.53インチ全画面 パンチホールディスプレイ 48MP+13MP+5MP+5MPクアッドリアカメラ 128GB ROM + 6GB RAM Helio P70オクタコア 5150mAh大容量バッテリー 18W高速充電 顔認証 指紋認証 技適認証済 au 使えます (ブラック)
","
エプソン 純正 インクボトル トビバコ TOB-PB フォトブラック
"
"
2in1タッチペン MEKO スタイラスペン スマートフォン タブレット スタイラスペン iPad iPhone Android ホワイト
","
EPSON dreamio ホームプロジェクター(2500000:1 2000lm) WXGA対応 メディアストリーミング端末なし EF-100B
"
"
【2枚セット】FOR らくらくスマートフォン F-42A me F-01L フィルム 保護ガラスフィルム 液晶保護 保護シート 耐衝撃 日本製素材旭硝子製 9H硬度 ガラスフィルム 浮き防止 良質な 気泡なし 気泡ゼロ 3D Touch対応 貼り付け簡単 薄型 高透過率貼り直しが可能 高感度 耐久【ZKBEET】【2枚セット】F-01L
","
エプソン 純正 インクカートリッジ カードケース IB10CL4A 4色パック
"
"
Blackview A80 SIMフリー スマートフォン本体 Android 10.0 スマホ本体 6.21インチ ディスプレイ+2GBのRAM + 16GBのROM スマホ 4200mAhバッテリー13MPフロントカメラ 顔認証 指紋認証 技適認証済 グローバルLTEバンドAU不可 (ブラック)
","
エプソン プリンター A4 インクジェット PX-105
"
"
【進化版】UMIDIGI A7 Pro スマートフォン本体 Android 10.0 スマホ本体 6.3 FHD+フルスクリーン SIMフリー スマホ 本体16MP+16MP+5MP 4眼カメラ 4150mAh 4GB RAM + 128GB ROM オクタコア グローバルバージョン 顔認証 指紋認証 技適認証済 au 使えます(コスミックブラック)
","
エプソン プリンター インクジェット複合機 カラリオ EP-982A3 2019年新モデル
"
"
Simpeak【2枚入り】らくらくスマートフォン F-42A 対応 ケース らくらくスマートフォン me F-01L 適応 クリア 保護カバー ソフトTPU 耐衝撃 超軽量 薄型 指紋防止
","
EPSON プロジェクター EB-X41 3600lm 15000:1 XGA 2.5kg 無線LAN対応(オプション)
"
"
OKAYONE X7 PLUSスマートフォン アウトドア IP68防水防塵 落下防止 2.45インチ 2GB RAM+16GB ROMクアッドコア Android 6.0 1.3GHz フリー 携帯電話 スマートフォン 4Gデュアル sim 指紋認証 3100mAh大容量 快速充電 多機能 工事現場 建築現場 登山 旅行 冒険など場合に適します（ブラック イエロー）
","
Rich Lighting ELPLP65 ランプ エプソン ELPLP65 EB-1775W EB-1776W EB-1771W EB-1761W EB-1770W EB-1750 EB-1751 EB-1760W プロジェクター 交換用 ランプ
"
"
ミンク ファー ハンドウォーマー レディース 手首 アームウォーマー ファー手袋 フィンガーレスグローブ 指切り スマートフォン対応 暖かい ニット 冬 クリスマスプレゼント
","
LCL EPSON用 エプソン用 KSU-BK-L クツ (6パック ブラック) 互換インクボトル 対応機種:Epson EW-M5071FT/EW-M5071FTE/EW-M660FT/EW-M660FTE/PX-M160T/PX-M160TE/PX-S160T/PX-S160TE
"
"
OUKITEL WP6 SIMフリースマートフォン 防水防塵耐衝撃防災 10000mAhバッテリースマホ本体 6GB RAM 128GB ROM 48MP AI 3カメラHelio P70オクタコアプロセッサー6.3インチFHD+ 画面2340*1080解像度デュアルSIM Android 9.0 GPS OTG 1年間保証
","
エプソン用 ITH(イチョウ)互換インク ITH-6CL 互換 6色セット
"
"
OUKITEL WP5 (2020) アウトドア スマートフォン SIMフリー スマホ本体 Android 10 IP68 防水 防塵 耐衝撃 SIMフリースマートフォン本体 4GB RAM + 32GB ROM 8000mAh 5.5インチ 指紋認識 顔認証 携帯電話 デュアルSIM(Nano) 13MP SONY リアデュアルカメラ LEDライト 防災用品 1年間保証付き (オレンジ)
","
エプソン プリンター ハガキプリンター PF-81-2021 年賀状 宛名達人 2021年度版
"
"
ASUS Zenfone Max M2 ミッドナイトブラック (4GB/32GB) 【日本正規代理店品】 ZB633KL-BK32S4/A
","
EPSON 写真用紙ライト[薄手光沢] L判 400枚 KL400SLU
"
"
らくらくスマートフォン F-42A ケース 手帳型 らくらくスマートフォン me F-01L ケース docomo らくらくスマートフォンF01L カバー 耐衝撃 スマホケース 全機種対応 白い 花 はな キラキラ 可愛い 国内生産 Red
","
エプソン LPC3T36YV 環境推進トナー イエロー(19100ページ)
"
"
OUKITEL C17 Pro SIMフリースマートフォン6.35インチブラインドホールスクリーン4GB RAM + 64GB ROM MT6367 Octa-ocre携帯電話トリプルバックカメラ13MP + 5MP + 2MP、3900mAhビッグバッテリーAndroid 9.0 OS 4GデュアルSIMフェイスおよび指紋ロック解除1年間の保証&技術認定に合格する（サポート5G/2.4G WIFI）
","
エプソン プリンター エコタンク搭載 A4カラーインクジェット複合機 EW-M873T1 (写真用紙スクエア20枚入 ドキュメントパック非同梱モデル)
"
"
らくらくスマートフォン F-42A ケース 手帳型 押し 猫 マグネットあり ネコ スマホケース カバー (ゴールド) Docomo
","
エプソン 年賀状デザイン集永年版 PFND20A (PF-81シリーズ専用)
"
"
らくらくスマートフォン me F-01L /F-42A ケース F-42A カバー スマホケース 手帳型 ケース デザイン手帳 アイフォン ケース 猫 ストラップホール付き スタンド機能付き マグネット付き カード収納 TPU 耐衝撃 保護ケース 軽量 横置き 耐衝撃 傷つけ防止 装置やすい 脱着やすい 少女 男子 レディース用
","
エプソン 純正 インクカートリッジ さくらんぼ IC6CL70L 6色パック 増量
"
"
らくらくスマートフォン F-42A ガラスフィルム 強化ガラス らくらくスマートフォン F-42A 液晶保護フィルム  らくらくスマートフォン F-42A 対応 フィルム 硬度9H 厚さ0.26 日本旭硝子素材AGC 気泡ゼロ 飛散防止 高感度 高透過率 衝撃吸収 指紋防 TRkin
","
エプソン プリンター エコタンク搭載 A4カラーインクジェット複合機 EP-M552T1 2019年モデル 写真用紙スクエア 20枚入 ドキュメントパック非同梱モデル
"
"
Blackview BV5500 Plus SIMフリー スマホ 本体 防水 防塵 IP68 4G スマートフォン Android 10.0 4G 格安 携帯電話 ブラック
","
エプソン 純正 インクカートリッジ 風船 IC6CL50 6色パック
"
"
らくらくスマートフォン me F-01L ケース me F-01L カバー クリア TPU透明保護 ソフト シリコンケース 薄型 落下防止 衝撃吸収 耐衝撃 柔らかい手触り クリア らくらくスマートフォン me F-01L 全面保護カバー PCduoduo (らくらくスマートフォン me F-01L)
","
エプソン 純正 インクカートリッジ とうもろこし IC6CL80L 6色パック 増量
"
"
Unihertz Titan, QWERTY タフネススマートフォン, アンドロイド 9.0 Pie，SIMフリー，6GB RAM と128GB ROM, 黒
","
エプソン 純正 インクカートリッジ カメ KAM-6CL-L 6色パック 増量
"
"
Blackview A80 Pro SIMフリー スマートフォン本体 スマホ本体 6.49インチ 大画面+1300万画素 4GBのRAM + 64GBのROM スマホ 4680mAhバッテリー+13MP+5MPカメラ 顔認証 指紋認証 技適認証済 グローバルLTEバンド (ブラック)
","
エプソン ビジネスプロジェクター 液晶 3700lm WXGA 2.5kg EB-W06
"
"
Newding 65W PD USB C (Type C) ACアダプター 交換用充電器 Apple MacBook/Pro, Lenovo, ASUS, Acer, Dell, Xiaomi Air, Huawei Matebook, HP Spectre, Thinkpad およびその他のUSB C ラップトップまたはスマートフォンに対応
","
エプソン プリンター インクジェット複合機 カラリオ EW-M530F
"
"
RuiMi らくらくスマートフォン F-42A 專用 ガラスフィルム 硬度9H 0.33mm 超薄 気泡防止 日本旭硝子素材採用 耐衝撃 撥油性 超耐久 耐指紋 飛散防止処理 保護フィルム F-42A 專用 強化ガラスフィルム 液晶保護フィルム
","
エプソン 純正 インクカートリッジ イチョウ ITH-6CL 6色パック
"
"
OPPO A5 2020 ブルー 【日本正規代理店品】 CPH1943 BL
","
EPSON プリンター A4ビジネスインクジェットFAX複合機 PX-M780F
"
"
モトローラ Moto G8 ノイエブルー 【日本正規代理店品】 PAJG0000JP/A
","
エプソン EW-M5071FT プリンター/A3カラーインクジェット複合機
"
"
iPhoneXR ケース 手帳型 ケース スタンド機能 カワイイ ピンク オシャレ 女子力 カード収納 シンプル 高級PUレザー iPhoneXR 専用カバー (6.1 インチ)
","
EPSON MOVERIO スマートグラス 有機ELパネル モニターモデル BT-30E
"
"
スマホ本体 Blackview A80Pro 4G simフリー スマートフォン本体 6.49インチ 1300万画素+800万画素カメラ 4680mAh 4GB RAM + 64GB ROM Android 9 端末 携帯電話 技適認証済み 1年間保証付き(ブルー)
","
エプソン A3ビジネスインクジェットカラー複合機 FAX PX-M6011F 大
"
"
UMIDIGI S5 Proスマートフォン Android 10 simフリー スマホ 本体 ポップアップ セルフィカメラ 内蔵指紋センサー 6.39インチFHD＋フルスクリーン Helio G90Tゲームプロセッサ グローバルLTEバンド対応6GBRAM+256 GB ROM AU使えます（一年保証）オーシャンブルー
","
エプソン 純正 インクカートリッジ 地球儀 IC4CL76 4色パック 大容量
"
"
simフリー スマートフォン本体 Blackview A80 4G スマホ本体 Android 10.0 Go Bluetooth 4.2 スマートフォン本体 6.21インチ 大画面 端末 4200mAh 13MP+5MP 2GB RAM+16GB ROM 顔認識 サブ機 携帯電話 技適認証済み 1年間保証付き AU対応不可(ブラック)
","
エプソン 純正 インクカートリッジ クマノミ KUI-6CL-L 6色パック 増量
"
"
TRkin らくらくスマートフォン F-42A ケース らくらくスマートフォンF01L カバー クリア TPU透明保護 日本水準の高品質 ソフト シリコンケース 薄型 落下防止 衝撃吸収 耐衝撃 柔らかい手触り クリア F-42A クリア ケース全面保護カバー (らくらくスマートフォン F-42A)
","
エプソン (EPSON) A3ビジネスインクジェットFAX複合機 PX-M5081F
"
"
【2020年最新版】 タッチペン 極細 スタイラスペン iPad/iPhone/Android 導電繊維ペン先 1.4mm銅製ペン先 高感度 ツムツム USB充電式 スマートフォン タブレット対応 (ホワイト)
","
エプソン スキャナー DS-570W (シートフィード/A4両面/Wi-Fi対応)
"
"
iPhone12 mini ケース TopACE iPhone12 mini保護フレーム アイアンマン見た目 二重構造 スタンド機能付き 超耐磨 最軽量 米軍MIL規格クリア[ 落下 衝撃 吸収 ] スマートフォンケース iPhone 5.4インチ 2020 対応 (ブラック)
","
エプソン プリンター エコタンク搭載 A4カラーインクジェット複合機 EW-M630TB1 ドキュメントパック非同梱モデル 無償保証期間3年 ブラック(黒)
"
"
2枚セット らくらくスマートフォン F-42A ガラスフィルム 強化ガラス 液晶保護フィルム らくらくスマートフォン F-42A 対応 保護フィルム 硬度9H 厚さ0.26 日本旭硝子素材AGC 気泡ゼロ 飛散防止 高感度 高透過率 衝撃吸収 指紋防止 ラウンドエッジ加工 TRkin
","
エプソン プリンター A3 インクジェット 複合機 カラリオ V-edition EP-10VA (高画質 写真印刷向け)
"
"
らくらくスマートフォン F-42A ケース 手帳型 カバー かわいい 犬柄 キラキラ デコ 手帳型 スマホケース カード ケース (ブラウン) 全機種対応 Docomo
","
エプソン 純正 インクカートリッジ 竹 ICBK79 フォトブラック
"
"
OUKITEL WP6 アウトドア スマートフォン、6.3インチFHD +携帯電話、10000 mAh IP68 スマホ simフリー 本体、48 MPクアッドカメラ、Helio P70オクタコアプロセッサー 6 GB + 128 GB Android 9.0 GPS OTG 1年間保証 (黒)
","
IC50 6色セット×2パック エプソン 互換インク IC6CL50 EPSON ICチップ付 1年保証付 プリンター保証付
"
"
PGYTECH Osmo Pocket用 スマートフォンホルダー＋
","
GPC Image エプソン対応 Epson ITH-6CL 互換インクカートリッジ 7本セット（6色セット+ 黒1本） エプソン イチョウ インク 互換 残量表示機能 2年保証 個包装 大容量 説明書付
"
"
【セット割】ASUS Zenfone Max M2 ミッドナイトブラック (4GB/64GB)【日本正規代理店品】+ Samsung SDカード
","
Canon プリンター A4インクジェット複合機 PIXUS TS8430 ブラック 2020年モデル テレワーク向け 普通
"
"
【セット割】ASUS Zenfone Max Pro M2 ミッドナイトブルー (6GB/64GB)【日本正規代理店品】+ Samsung SDカード
","
エコリカ エプソン(Epson)対応 リサイクル インクカートリッジ IC6CL50+ICBK50 6色セット+ブラック(目印:ふうせん) ECI-E506P+BK
"
"
【UQ mobile】サムスン Galaxy A20 ブラック※回線契約後発送 スマホプランS/Rのみ (MNP専用)
","
エプソン プリンター インクジェット複合機 カラリオ EP-883AR レッド(赤)
"
"
OUKITEL C19 スマートフォン本体 4G スマホ本体 SIM フリー Androidスマートフォン本体 6.49 HDインチ 13MP+2MP+2MP 4000mAh RAM 2GB + ROM16GB（256GBまでサポートする)Android 10.0 端末 携帯電話 1年間保証付き
","
エプソン用最優良互換インクカートリッジ IC56-(BK/ブラック)×1 IC46-(C/M/Y)×1 ４色セット 【ゾウ】【サッカーボール】 残量表示機能付 ICチップ対応 【Green Shower製】【安心一年パック】
"
"
[bodenbaum] らくらくスマートフォン F-42A 手帳型 スマホケース カード スマホ ケース カバー ケータイ 携帯 FUJITSU 富士通 らくらくスマートフォン docomo 薔薇 花柄 バラ ローズ f-186-deco (A.パステルピンク)
","
エプソン 純正 インクカートリッジ サツマイモ SAT-BK ブラック
"
"
F-42A F-01L らくらくスマートフォン me F-01L コンチョ付き エスニック ケース 手帳型 カバー 【モロッカンローズ】 f42a f01l f-42aケース f-42aカバー f-01lケース f-01lカバー 手帳 手帳型ケース スマホケース 手帳型カバー スマホカバー 【NB】 mrose
","
【LxTek】Epson用 エプソン KUI-6CL-L インクカートリッジ 7本セット（6色セット+黒1本） クマノミ インク 『互換インク/2年保証/大容量/説明書付/残量表示/個包装』対応機種：Epson EP-880AW EP-880AB EP-880AR EP-880AN EP-879AW EP-879AB EP-879AR
"
"
UMIDIGI X スマートフォンHelio P60オクタコア ディスプレイSIMフリー 6.35インチ HD+大画面 有機EL AMOLEDディスプレイ4150mAh大容量バッテリー 18W高速充電 4GB RAM + 128GB ROM Android 9.0 指紋認証 顔認証 技適認証済み AUキャリア不可 ブラック
","
エプソン 純正 インクカートリッジ 砂時計 IC4CL69 4色パック
"
"
モトローラ Moto G7 Plus ディープインディゴ 【日本正規代理店品】 PADU0003JP/A
","
3年保証 エプソン 互換 SAT-6CL (サツマイモ) EP-712A EP-812A 対応 互換インクカートリッジ 6色セット ベルカラー製
"
"
北欧デザインブランド「The Friendly Swede」タッチペン ペン先交換式 マイクロニットスタイラスペン 3本セット互換性 スマートフォン タブレット対応 マイクロファイバークリーニングクロス付き ストラップ付き
","
エプソン 純正 インクボトル ケンダマ KEN-MB-L マットブラック 増量
"
"
Eustak LG style3 L-41A ケース カバー 手帳型 型押し カバー スマホケース 全機種対応 ファーウェイ 花藤木葉スタイル 手帳ケース LG style3 L-41A 手帳カバー スマホシムフリー スマートフォン 画面保護/スタンド/ICカード 紙幣収納ポケット (LG style3 L-41A, パープル)
","
エプソン 純正 インクボトル タケトンボ TAK-PB-L フォトブラック 増量
"
"
OUKITEL WP5 Pro IP68防水 防塵 耐衝撃 8000mAh アウトドア スマートフォン Android 10.0 4G 5.5インチ スマホ本体 フリーSIMスマートフォン本体 4GB+64GB SONY13MP+5MPデュアルAIカメラ アウトドアタフスマホ 携帯電話 防災用品顔・指紋認証ロック解除 1年間保証付き (オレンジ)
","
エプソン スキャナー ES-60WB (モバイル/A4/USB対応/Wi-Fi対応/ブラック)
"
"
OPPO A5 2020 ブルー 【日本正規代理店品】 CPH1943 BL
","
EPSON プリンター A4ビジネスインクジェットFAX複合機 PX-M780F
"
"
Unihertz Jelly Pro, 世界最小の４Gスマートフォン, 2GBのRAM と 16GBのROM を搭載したAndroid 7.0 Nougat ロック解除された, ブルー 青
","
[エプソン トゥルーム]EPSON TRUME M Cllection (TR-MB7005) 腕時計 TR-MB7005X メンズ
"
"
Eastwave らくらくスマートフォン me（F-01L）手帳型 ケース docomo らくらくスマートフォン F-42A ケース F01L F42A 通用 カバー fujitsu 携帯カバー PUレザー 内蔵するTPUソフトケース カード収納 ４色 ピンク
","
エプソン 純正 インクカートリッジ サツマイモ SAT-6CL 6色パック
"
"
Blackview A80 Pro 2020ニューモデル SIMフリー スマホ 本体 1300万画素 Android 9.0 スマートフォン 6.49インチ 大画面 格安 携帯電話 ブルー
","
エプソン 純正 インクボトル 鉛筆削り IT08MA マゼンタ
"
"
ASUS Zenfone Max M2 ミッドナイトブラック (4GB/32GB) 【日本正規代理店品】 ZB633KL-BK32S4/A
","
エプソン 純正 インクカートリッジ とうもろこし ICBK80L ブラック 増量
"
"
スマホ 本体 Blackview BV5900 simフリー スマートフォン 本体 4G アウトドア 防水スマホ 防塵スマホ 耐衝撃スマホ Android 9.0 1300万画素+500万画素 5580mAh 3GB RAM+32GB ROM タフスマホ 携帯電話 技適認証済み AU対応不可 1年間保証付き(ブラック)
","
インクのチップス エプソン用 MUG-BK 互換インク ブラック 4本セット (マグカップ互換) EW-452A EW-052A 対応
"
"
Blackview BV6300Pro スマホ本体 新品 simフリー スマートフォン本体 防水スマホ/耐衝撃/防塵 タフスマホ Android10 端末 6GB RAM+128GB ROM ゲーム対応 4380mAh大容量バッテリー 長持ち 1600万画素 800万画素 5.7インチスクリーン 4Gネットワーク sim*2枚支持 LEDライト付き 1年間保証付き (黄色い)
","
GPC Image KAM-6CL-L + KAM-BK-L エプソン カメ インクカートリッジ 7本パック Epson EP-882AW EP-882AB EP-882AR EP-881AW EP-881AB EP-881AR EP-881AN 互換インク 残量表示機能 2年保証 個包装 大容量 説明書付
"
"
OKAYONE X7 PLUSスマートフォン アウトドア IP68防水防塵 落下防止 2.45インチ 2GB RAM+16GB ROMクアッドコア Android 6.0 1.3GHz フリー 携帯電話 スマートフォン 4Gデュアル sim 指紋認証 3100mAh大容量 快速充電 多機能 工事現場 建築現場 登山 旅行 冒険など場合に適します（ブラック イエロー）
","
エプソン用最優良互換インクカートリッジ IC78-(BK/ブラック)×4 ４本セット 【歯ブラシ】(大容量) 残量表示機能付 ICチップ対応 【Green Shower製】【安心一年パック】
"
"
らくらくスマートフォン F-42A ケース らくらくスマートフォン me F-01L ケース docomo らくらくスマートフォンF01L カバー 耐衝撃 スマホケース 保護フィルム Breeze 正規品 [F01L2067HA]
","
エプソン 純正 インクボトル タケトンボ TAK-4CL 4色パック
"
"
【2枚セット】らくらくスマートフォン F-42A ガラスフィルム [ZXZone] F-42A フィルム ウンドエッジ加工 強化ガラス 耐指紋 液晶保護フィルム 2.5D 高透過率 硬度9H スクラッチ防止 自動吸着 気泡ゼロ (クリア）
","
エプソン インクジェット複合機 EW-M752T
"
"
OUKITEL C18 Pro SIMフリースマホ本体 6.55インチ ４眼カメラ（メインカメラ+広角+マクロ+奥行き）スマートフォン4GB RAM 64GB ROM 4000mAhバッテリーHelio P25顔認証指紋認証 一年保証
","
エプソン 純正 インクカートリッジ クマノミ KUI-BK-L ブラック 増量
"
"
HUAWEI NOVA 5T ブラック 【日本正規代理店品】 NOVA 5T/BLACK
","
【LxTek】Epson用 エプソン IC70L IC6CL70L インクカートリッジ 6色セット さくらんぼ インク 『互換インク/2年保証/大容量/説明書付/残量表示/個包装』対応機種：Epson EP-306 EP-706A EP-805A EP-805AW EP-806AR EP-806AW EP-976A3
"
"
OUKITEL C15 PRO SIMフリースマートフォン 3GB RAM + 32GB ROM 6.1インチ19.5:9 HD+大画面 MT6761 2.0GHz クアッドコアAndroid 9.0 グローバルLTEバンド対応 デュアルSIM(Nano) 顔認証 指紋認識 3200mAh大容量 バッテリー スマホ au不可 技適認証済み [一年保証] （サポート5G/2.4G WIFI） (星空ブルー)
","
エプソン プリンター エコタンク搭載 A4カラーインクジェット複合機 EW-M873T1 (写真用紙スクエア20枚入 ドキュメントパック非同梱モデル)
"
"
Blackview BV5900 4G デュアルSIMフリースマートフォン本体 5.7インチ 3GB RAM 32GB ROM 5580 mAh 大容量 バッテリー IP68 防塵 防水 耐衝撃 アウトドア 携帯電話本体 Android 9.0 デュアルカメラ 13MP+5MPカメラ 指紋認識 NFC GPS コンパス LED懐中電灯【一年保証】
","
エプソン 純正 インクカートリッジ IB07KB ブラック 大容量インク
"
"
AQUOS zero2 SH-01M SHV47 京のれん 手帳型 ケース カバー SH01Mケース SH01Mカバー SHV47ケース SHV47カバー 手帳型 かわいい花柄 キラキラ おしゃれなストラップ付き 【LUCKY8】 財布型 カード収納 マグネット式 保護ケース 軽量 スマホケース スマートフォンケース 少女 レディース用 全面保護 耐衝撃 (AQUOS zero2, A2-グレー)
","
【LxTek】IC6CL70L Epson 用 エプソン インクカートリッジ 70 70L IC70L IC6CL70 + ICBK70L 6色 パック+ 黒 1本 さくらんぼ インク 『互換インク/2年保証/増量/説明書付/残量表示/個包装』 対応機種：Epson EP-306 EP-706A EP-805A EP-805AW EP-806AR EP-806AW EP-976A3
"
"
【2枚】CARKO らくらくスマートフォン F-42A フィルム 強化ガラス 液晶保護フィルム 高透過率 硬度9H 防指紋 防爆裂 スクラッチ防止 気泡レス 飛散防止処理 f-42a 保護フィルム
","
旧モデル エプソン プリンター A4 インクジェット 複合機 カラリオ EP-711A ホワイト
"
"
RuiMi らくらくスマートフォン F-42A 專用 ガラスフィルム 硬度9H 0.33mm 超薄 気泡防止 日本旭硝子素材採用 耐衝撃 撥油性 超耐久 耐指紋 飛散防止処理 保護フィルム F-42A 專用 強化ガラスフィルム 液晶保護フィルム
","
3年保証 エプソン 互換 MUG-BK (マグカップ) EW-052A EW-452A 対応 互換インクカートリッジ ブラック2個パック ベルカラー製
"
"
FoldStand phone スマホスタンド 折りたたみ 卓上 軽量 極薄 スマホホルダー スキミング防止カードケース スマホ スタンド 携帯スタンド スマホすたんど 寝ながらスマホ スマホ立て スマートフォンホルダー iPhone Xperia Galaxy HUAWEI AQUOS (ダークグレイ)
","
GPC Image Epson インクカートリッジ 80 IC6CL80L 6色パックエプソン とうもろこし インク 互 換 残量表示機能 2年保証 個包装 大容量 説明書付 対応機種：Epson EP-982A3 EP-707A EP-807AR EP-808AW EP-977A3 EP-979A3
"
"
【moimoikka】 Xperia 5 II SO-52A SOG02 エクスペリア5ii クリア ハードケース 白ねこストライプ ボーダー 柄 猫 ネコ シンプル アニマル 動物 キャラクター おしゃれ オシャレ かわいい 可愛い 柄 カバー ジャケット スマートフォン スマホケース モイモイッカ sslink
","
【旧モデル】EPSON プロジェクター 3200lm SVXGA+ VGA RCA HDMI対応 EB-S05
"
"
Xiaomi スマートホン Xiaomi Redmi Note 9 グローバル版 4GB RAM 128GB ROM・SIMフリースマートフォン 日本語対応・Android 10, MIUI 11搭載 Googleアプリ対応 4800万画素カメラ 5020mAhバッテリ 6.53インチ IPS 1080 x 2340 (Forest Green/フォレストグリーン)
","
エプソン 純正 インクカートリッジ クマノミ KUI-6CL-L 6色パック 増量
"
"
Hohem iSteady X スマホ スタビライザー 手持ち 3軸 ジンバル 折りたたみ式 超軽量 259ｇ ミニ三脚付き iPhone スマートフォン ジンバル スタビライザー ハンドヘルド Vlog Youtuber ライブビデオ iPhone Android用
","
RDH-4CL 【 4色 +BK1本 合計5本 BK (増量) 】 EPSON (エプソン) B/ue製 互換 RDH リコーダー インク カートリッジ 最新機種対応新型ICチップ付き 【購入から1年保証サービス】
"
"
ミンク ファー ハンドウォーマー レディース 手首 アームウォーマー ファー手袋 フィンガーレスグローブ 指切り スマートフォン対応 暖かい ニット 冬 クリスマスプレゼント
","
エプソン用 ITH(イチョウ)互換インク ITH-6CL 互換 6色+黒1本 計7本
"
"
OUKITEL WP6 SIMフリースマートフォン 防水防塵耐衝撃防災 10000mAhバッテリースマホ本体 6GB RAM 128GB ROM 48MP AI 3カメラHelio P70オクタコアプロセッサー6.3インチFHD+ 画面2340*1080解像度デュアルSIM Android 9.0 GPS OTG 1年間保証
","
Okelet 1613717 プロジェクターのリモコン、に適しています エプソン Epson EB-520/ EB-525W/ EB-530/ EB-530S/ EB-535W/ EB-536Wi/ EB-570/ EB-575W/ EB-575Wi/ EB-580/ EB-585W/ EB-585Wi/ EB-590WT/ EB-595Wi
"
"
OUKITEL WP5 Pro Android 10.0 4G スマホ本体 8000mAhバッテリー IP68&IP69K防水 防塵 耐衝撃性 アウトドア スマートフォン本体 4GB RAM+64GB ROM SIMフリースマートフォン本体 5.5インチ 13MP(SONY)+5MP(デュアルAI)カメラ 防災携帯電話（1年保証）
","
エプソン 純正 インクカートリッジ カメ KAM-Y-L イエロー 増量
"
"
ASUS Zenfone Live (L1) シマーゴールド 【日本正規代理店品】 ZA550KL-GD32/A
","
エプソン 純正 インクボトル タケトンボ TAK-C-L シアン 増量
"
"
Blackview BV5500PLUS SIMフリースマートフォン本体スマホ AU対応不可 技適認証済み ブラック
","
エプソン プリンター A3 インクジェット 複合機 カラリオ V-edition EP-10VA (高画質 写真印刷向け)
"
"
UMIDIGI A5 PRO SIMフリースマートフォン Android 9.0 6.3インチ FHD+水滴型ノッチ付きディスプレイ 16MP+8MP+5MPトリプルカメラ 4150mAh 4GB RAM + 32GB ROM Helio P23オクタコア DSDV対応 グローバルバージョン 顔認証 指紋認証 技適認証済み （ブラック)
","
エプソン エコタンク搭載プリンター A4カラーインクジェット複合機 FAX付 EW-M670FTE ドキュメントパック非同梱モデル 無償保証期間3年
"
"
SIMフリー OPPO A5 2020 Blue CPH1943 (楽天モバイル版）
","
エプソン EPSON エコタンク用 メンテナンスボックス EWMB1
"
"
UMIDIGI X SIMフリースマートフォン 画面内蔵指紋センサー 6.35インチ 大画面 有機ELディスプレイ48MP+8MP+5MPトリプルアカラ 4GB RAM + 128GB R0M Helio P60オクタコア 4150mAh大容量バッテリー 18W高速充電 Android 9.0 顔認証 技適認証済み au不可 (ブルー)
","
エプソン 純正 インクカートリッジ 砂時計 ICBK69L ブラック 増量
"
"
HUAWEI nova lite 3 オーロラブルー 【日本正規代理店品】 NOVA LITE 3/BL/A
","
エプソン 純正 インクカートリッジ ソフトクリーム ICCL81 カラー4色一体型
"
"
【moimoikka】 Galaxy S10 SC-03L/SCV41 ギャラクシーS10 ケース 手帳型 ねこ 動物 キャラクター かわいい 猫 ネコ アニマル ヒッコリー（ブルー） ワッペン 刺繍 生地 布 ファブリック カード収納 フリップ カバー スマートフォン もいもいっか sslink
","
【Amazon.co.jp限定】 EPSON IC6CL50(エプソン) IC50互換インクカートリッジ(4BK/2C/2M/2Y/2LC/2LM) 6色7個×2パック/14セット 残量表示機能付 [1年の品質保証］【Miss Deer】
"
"
【2枚セット】らくらくスマートフォン F-42A / らくらくスマートフォン me F-01L ガラスフィルム らくらくスマートフォン me F-01L フィルム 強化ガラス 保護フィルム 日本旭硝子素材AGC 硬度9H 気泡ゼロ 飛散防止 高感度 高透過率 衝撃吸収 指紋防止 貼り付け簡単 液晶ガラス フィルム【Hcsxlcj】（F-01L）
","
エプソン 純正 インクカートリッジ カメ KAM-LC-L ライトシアン 増量
"
"
ASUS Zenfone5 ブラック 【日本正規代理店品】 ZE620KL-BK64S6/A
","
エプソン プリンター ハガキプリンター PF-81-2021 年賀状 宛名達人 2021年度版
"
"
docomo Xperia 10 II SO-41A ミント スマートフォン本体
","
エプソン 純正 インクボトル ハリネズミ HAR-Y イエロー
"
"
ASUS Zenfone Max Pro M1 ディープシーブラック 【日本正規代理店品】 ZB602KL-BK32S3/A
","
エプソン エプソン純正インクカートリッジ ＩＣＢＫ７６ ICBK76/62730228
"
"
docomo Galaxy A20 SC-02M ホワイト White 白ロム
","
[エプソン] 腕時計 PS-100TL ブルー
"
"
docomo Galaxy A20 SC-02M ブラック Black 白ロム
","
エプソン ビジネスプロジェクター 液晶 3700lm WXGA 2.5kg EB-W06
"
"
らくらくスマートフォン F-42Aケース シンプル らくらくスマートフォン me F-01Lカバーおしゃれレトロ調 カード入れFujitsu 富士通 F-42Aケース 手帳型 合成皮革 カード収納 docomo らくらくスマートフォン F-42A全面保護カバー スタンド機能 マグネットなし指紋防止 横置き機能 落下防止 耐衝撃 耐摩擦docomo F-01Lカバー (らくらくスマートフォン F-42A/ F-01L, ネイビー)
","
【LxTek】Epson用 エプソン インクカートリッジ KAM-6CL-L 6色セット インク カメ 『互換インク/2年保証/増量/説明書付/残量表示/個包装』対応機種：Epson EP-882AW EP-882AB EP-882AR EP-881AW EP-881AB EP-881AR EP-881AN
"
"
Sony Xperia XZ1 SO-01K SOV36 ガラスフィルム Sony Xperia XZ1 SO-01K SOV36 強化ガラス 全面保護 液晶保護フィルム 日本製素材旭硝子製 最强硬度9H /3D曲面/飛散防止/指紋防止/透過率99%/ 気泡ゼロ/貼付け簡単 ガラスフィルム (1g xz1)
","
【LxTek】Epson用 PX-048A PX-049A インク RDH-4CL インクカートリッジ 6本セット(4色セット+黒2本) エプソン リコーダー インク 『互換インク/2年保証/大容量/説明書付/残量表示/個包装』対応機種：Epson PX-048A PX-049A
"
"
iPhone12 mini ケース TopACE iPhone12 mini保護フレーム アイアンマン見た目 二重構造 スタンド機能付き 超耐磨 最軽量 米軍MIL規格クリア[ 落下 衝撃 吸収 ] スマートフォンケース iPhone 5.4インチ 2020 対応 (ブラック)
","
エプソン インクカートリッジ ICBK80L ICBK80L 00025703【まとめ買い3個セット】
"
"
エイスース SIMフリースマートフォン ZenFone Go ブラック ZB551KL-BK16
","
エプソン 純正 インクカートリッジ 風船 IC6CL50 6色パック
"
"
【2+1】らくらくスマートフォン F-42A フィルム 2枚 + ケース QULLOO ガラスフィルム TPU素材ケース 日本旭硝子製 強化フィルム 9H硬度 高透過率 防指紋 飛散防止 落下防止 衝撃吸収 docomo F-42A フィルム + 保護カバー（ブラック）
","
エプソン 純正 インクボトル 鉛筆削り IT08KA ブラック 小型
"
"
TCOLL らくらくスマートフォン F-42A フィルム【 2枚セット】らくらくスマートフォン F-42A ガラスフィルム 強化ガラス液晶保護フィルム【日本製旭硝子素材】指紋防止 飛散防止 気泡防止 防塵 2.5D 硬度9H 耐衝撃 高感度 HD高透過率
","
【LxTek】Epson用 PX-048A PX-049A インク RDH-4CL インクカートリッジ 8本セット(4色セット*2) エプソン リコーダー インク 『互換インク/2年保証/大容量/説明書付/残量表示/個包装』対応機種：Epson PX-048A PX-049A
"
"
[MOLAN CANO] Samsung Galaxy NOTE 20 Ultra ケース TPU材質 スリム ソフト 軽量 カバー かわいいケース衝撃吸収 ワイヤレス充電 キュート 3D Ears Design マットな質感のスマートフォンケース (Galaxy Note20 Ultra, ピンク)
","
エプソン プリンター A4 インクジェット 複合機 ビジネス向け PX-M650F (FAX付)
"
"
らくらくスマートフォン F-42A ガラスフィルム 強化ガラス らくらくスマートフォン F-42A 液晶保護フィルム  らくらくスマートフォン F-42A 対応 フィルム 硬度9H 厚さ0.26 日本旭硝子素材AGC 気泡ゼロ 飛散防止 高感度 高透過率 衝撃吸収 指紋防 TRkin
","
エプソン 純正 インクボトル クツ KSU-BK-L ブラック
"
"
A-VIDET Google Pixel 5ケース【滑り止め設計】カーボンソフトケース 耐久性 耐劣化性 日本水準の高品質TPU素材製 Google Pixel 5カバー 軽量 弾力性ある 衝撃吸収バンパー Google Pixel 5スマートフォン対応 (ブラック)
","
エプソン 純正インクパック マゼンタ 約5000ページ IP01MB
"
"
【moimoikka】 SO-01K/SOV36/701SO Xperia XZ1 エクスペリア 手帳型 スマホ ケース はちわれ猫 動物 キャラクター かわいい (オレンジ) ネコ ねこ アニマル ダイアリータイプ 横開き カード収納 フリップ カバー スマートフォン モイモイッカ もいもいっか sslink
","
【LxTek】Epson用 エプソン IC6CL80L インクカートリッジ 6色セット とうもろこし インク 『互換インク/2年保証/大容量/説明書付/残量表示/個包装』対応機種：Epson EP-982A3 EP-707A EP-807AR EP-808AW EP-977A3 EP-979A3
"
"
PGYTECH Osmo Pocket用 スマートフォンホルダー＋
","
エプソン用 ITH(イチョウ)互換インク ITH-6CL 互換 6色セット
"
"
UMIDIGI POWER3 Android 10.0フリースマートフォン 6150mAh超大容量バッテリー 48MP + 13MP + 5MP + 5MP AIクアッドカメラ+16MPフロントカメラ RAM 4GB＋ROM 64GB 10 W急速逆充電付き 18W高速充電付き6.53インチ 2340 x 1080/FHD+ 顔認証 指紋認証 技適認証済み 「ミッドナイトグリーン」
","
エプソン用最優良互換インクカートリッジ IC90-PG(BK/C/M/Y)×1 【高級顔料】４色セット (増量) 残量表示機能付 ICチップ対応 【Green Shower製】【安心一年パック】
"
